"","eigen.corrm..values","cum_sum_eigen","pct_var","cum_pct_var"
"1",3.18339455823574,3.18339455823574,0.530565759705957,0.530565759705957
"2",0.988103571640524,4.17149812987626,0.164683928606754,0.695249688312711
"3",0.772915292029864,4.94441342190613,0.128819215338311,0.824068903651022
"4",0.576381485549053,5.52079490745518,0.0960635809248422,0.920132484575864
"5",0.265082986095793,5.78587789355097,0.0441804976826322,0.964312982258496
"6",0.214122106449022,6,0.0356870177415037,1
